source,target,value
飞橘,飞橘,156
追风,追风,6579
追风,蓝宇,64
熊仔,熊仔,12
熊仔,猴猴不迷路,400
熊仔,琪姐姐卖萌啦,20
熊仔,app,22
熊仔,綄彩,3
熊仔,石市黄三,580
熊仔,飞舟,67
熊仔,墨子酥,42
熊仔,半完人,159
熊仔,若木,722
熊仔,余割,677
2021实践团,2021实践团,40122
2021实践团,小饭团w,306
2021实践团,麦当,1177
2021实践团,小满,4764
2021实践团,火星禹,1837
2021实践团,黄桃,46
2021实践团,綄彩,7
2021实践团,甜甜,2852
2021实践团,圆魄,33
2021实践团,黑猫,855
2021实践团,瓦罐汤,10
2021骑行团,2021骑行团,17678
2021骑行团,天池,279
2021骑行团,小枝,80
2021骑行团,阿瑟平井,374
2021骑行团,靴子,215
2021骑行团,甜甜,13
2021骑行团,麦当,108
2021骑行团,辰羽,13
组织部,组织部,4918085
组织部,栖风,86
拍子,拍子,147282
拍子,harryCASI,25
away,away,6
2021实践团,dudu,33
2021实践团,华年,27
2021实践团,风吟,95
2021实践团,小天使,7
2021实践团,小熊猫猫,17
2021实践团,还也,6
2021实践团,CAPU四九,16
2021实践团,云nuage,9
2021实践团,猴猴不迷路,39
2021实践团,咋肥四鸭,17
2021实践团,毛球,8
2021实践团,峰林,9
CAPU四九,CAPU四九,2104
2021骑行团,dudu,142
2021骑行团,不突,108
2021骑行团,风吟,21
2021骑行团,华年,14
2021骑行团,峰林,7
2021骑行团,飞舟,8
2021骑行团,小熊猫猫,55
2021骑行团,沐阳,15
2021骑行团,咋肥四鸭,26
2021骑行团,椰汁,14
2021骑行团,东日,7
2021骑行团,毛球,8
2021骑行团,萤火ovo,7
2021骑行团,table-ywz,50
2021骑行团,秋小果,67
2021骑行团,22飞行团,113
2021骑行团,支原体,65
2021骑行团,栖风,8
天池,天池,27106
天池,甜甜,12
天池,辰羽,1
天池,山楂糕,30
天池,小突,76
2022骑行团,暗星,17618
2022骑行团,风吟,97262
2022骑行团,2049,3646946
2022骑行团,CAPU四九,456
2022骑行团,小巴车,36
2022骑行团,毛球,97
2022骑行团,table-ywz,4201
2022骑行团,萝卟头,236
2022骑行团,会赢,2403
2022骑行团,小满,15
2022骑行团,好香！,230
2022骑行团,椰汁,6564
2022骑行团,颠颠,158
2022骑行团,栖风,857761
2022骑行团,解旋酶,435
2022骑行团,华年,8562
2022骑行团,tt,12
2022骑行团,小恶魔,222
2022骑行团,dudu,164
2022骑行团,小天使,296
2022骑行团,辰羽,68
2022骑行团,土龟,115
2022骑行团,成绩,169
2022骑行团,归尘,4020
2022骑行团,菠萝吹雪,88
2022实践团,tt,2851
2022实践团,轩,3124
2022实践团,峰林,16259
2022实践团,游乐,2318
2022实践团,己己w,54
2022实践团,小笨熊,3993
2022实践团,还也,18084
2022实践团,小巴车,68356
2022实践团,土龟,479
2022实践团,风吟,80
2022实践团,毛球,10765
2022实践团,萝卟头,81
2022实践团,暗星,7
2022实践团,颠颠,27
2022实践团,栖风,383
2022实践团,解旋酶,238
2022实践团,纹水,7034
2022实践团,华年,178
2022实践团,dudu,373
2022实践团,辰羽,74
2022实践团,Joy啾伊,79
2022骑行团,小熊猫猫,30636
2022骑行团,峰林,193
2022骑行团,咋肥四鸭,173
2022骑行团,猴猴不迷路,79
2022骑行团,可爱的小鸭子,69
2022骑行团,望山,4569
2022骑行团,咕孤,65
2022骑行团,2022骑行团,113679
2022骑行团,劳模,246
2022飞行团,支原体,7762
2022飞行团,dudu,23534
2022飞行团,萤火ovo,1946
2022飞行团,咋肥四鸭,13683
2022飞行团,归尘,4312
2022飞行团,丽仔,9602
2022飞行团,风吟,66
2022飞行团,2049,220
2022飞行团,颠颠,2657
2022飞行团,秋小果,1520
2022飞行团,暗星,8
2022飞行团,沐阳,1015
2022飞行团,萝卟头,47
2022飞行团,河虾,2166
2022飞行团,银狐,1188
2022飞行团,辰羽,42
2022飞行团,小熊猫猫,65
2022飞行团,成绩,8
2022飞行团,毛球,50
2022飞行团,土龟,66
2022飞行团,椰子王,20
2022飞行团,栖风,122
2022实践团,2022实践团,148763
2022实践团,壹乙,810
2022实践团,咋肥四鸭,156
2022实践团,会赢,50
2022实践团,归尘,226
2022实践团,ChoCho,231
2022实践团,黑猫,258
2022实践团,2049,401
2022实践团,小豹,73
2022实践团,ChatGPT,455
2022实践团,小奶龙,12
2022飞行团,2022飞行团,169730
2022飞行团,解旋酶,13812
2022飞行团,怎么办？,47
2022飞行团,三四,9
2022飞行团,22飞行团,32
2022飞行团,小笨熊,33
2022飞行团,峰林,233
2022飞行团,劳模,275
2022骑行团,小饭团w,14
2022骑行团,小豹,825
2022骑行团,沐阳,56
2022骑行团,ka_ka,21
2022骑行团,人吃鱼,33
2022骑行团,信信,35
2022实践团,小熊猫猫,188
2022实践团,dream,6
2022实践团,小满,189
2022实践团,CAPU四九,147
2022实践团,沐阳,121
拍子,猴猴不迷路,147
琪姐姐卖萌啦,琪姐姐卖萌啦,332
钢炮,毛球,78
2022骑行团,瓦罐汤,36
沐阳,毛球,615
沐阳,椰汁,2002
沐阳,小巴车,15
沐阳,table-ywz,862
沐阳,是栗子呀,927
沐阳,猴猴不迷路,1445
还也,还也,14707
还也,dudu,10
还也,咋肥四鸭,5
还也,鲸岛,2538
小笨熊,游乐,3
小笨熊,还也,204
小笨熊,毛球,26
小笨熊,轩,16
小笨熊,峰林,1926
小笨熊,土龟,12
小笨熊,猴猴不迷路,16
小笨熊,tt,200
菜叶子,游乐,1619
菜叶子,支原体,9
菜叶子,dudu,61
菜叶子,解旋酶,62
菜叶子,菠萝吹雪,92
菜叶子,土龟,3
菜叶子,暗星,838
菜叶子,小巴车,69
菜叶子,云nuage,57
菜叶子,小熊猫猫,1245
菜叶子,咋肥四鸭,86
菜叶子,是栗子呀,113
菜叶子,小笨熊,372
菜叶子,轩,51
菜叶子,ChoCho,36
2022骑行团,银狐,44
2022骑行团,彤彤,306
2022骑行团,莽夫,40
2022骑行团,支原体,167
2022骑行团,纹水,12
2022骑行团,小象,67
拍子,石市黄三,24
拍子,窝窝头,11
一片叶子,咋肥四鸭,31
一片叶子,峰林,1110
一片叶子,风吟,27
一片叶子,小笨熊,106
一片叶子,小巴车,7
一片叶子,游乐,28
一片叶子,猴猴不迷路,21
一片叶子,会赢,39
一片叶子,飞橘,7
一片叶子,dudu,66
一片叶子,石市黄三,22
一片叶子,土龟,10
一片叶子,毛球,418
一片叶子,沐阳,2611
一片叶子,栖风,2440
云nuage,云nuage,64536
云nuage,猴猴不迷路,13
云nuage,小笨熊,76
云nuage,小满,275
云nuage,石市黄三,20
云nuage,土龟,23
云nuage,圆魄,23
云nuage,游乐,61
云nuage,东日,88
云nuage,解旋酶,107
云nuage,沐阳,1926
云nuage,孟德,313
猴猴不迷路,小笨熊,66
猴猴不迷路,小巴车,5
猴猴不迷路,土龟,3
猴猴不迷路,毛球,119
猴猴不迷路,沐阳,1116
猴猴不迷路,劳模,497
猴猴不迷路,猴猴不迷路,63
猴猴不迷路,心晴,19
栖风,栖风,11861
2022骑行团,游乐,12
2022骑行团,云雨,16
飞橘,小笨熊,10
飞橘,椰汁,31
飞橘,云nuage,33
飞橘,游乐,22
飞橘,猴猴不迷路,141
飞橘,解旋酶,721
飞橘,咋肥四鸭,32
飞橘,土龟,29
飞橘,贝斯特,787
飞橘,沐阳,480
飞橘,孟德,47
飞橘,一片叶子,61
飞橘,毛球,33
理事会,理事会,1610
理事会,dudu,50
理事会,望山,45
理事会,云nuage,72
理事会,2049,6
理事会,栖风,2
理事会,咋肥四鸭,10
理事会,小熊猫猫,24
理事会,小饭团w,5
理事会,萤火ovo,26
理事会,小天使,23
理事会,暗星,160
理事会,毛球,44
2022骑行团,还也,146
毛球,毛球,77834
毛球,火星禹,16
毛球,沐阳,3
毛球,游乐,3
毛球,华年,19471
毛球,猴猴不迷路,196
毛球,小巴车,38
毛球,飞橘,37
毛球,一鸣,12
毛球,墨清,106
会赢,会赢,1
会赢,毛球,11
会赢,峰林,179
会赢,栖风,146
会赢,咋肥四鸭,959
会赢,颠颠,265
会赢,支原体,19
会赢,猴猴不迷路,181
会赢,土龟,193
会赢,一鸣,6725
会赢,风吟,290
会赢,木头。。。,30
会赢,2049,1954
会赢,小熊猫猫,2351
椰汁,椰汁,161
椰汁,栖风,2280
椰汁,小天使,176
椰汁,会赢,223
椰汁,毛球,138
椰汁,猴猴不迷路,94
椰汁,一鸣,158
椰汁,2049,937
橘猫,云nuage,111
橘猫,椰汁,400
橘猫,小巴车,98
橘猫,风吟,252
橘猫,一片叶子,35
橘猫,菊石,47
橘猫,dudu,717
dudu,栖风,226
dudu,云nuage,758
dudu,木山,35
dudu,away,134
dudu,咋肥四鸭,1367
dudu,dudu,486
dudu,一片叶子,86
dudu,冰苎,231
dudu,阿银,743
dudu,小天使,131
琪姐姐卖萌啦,咋肥四鸭,16
琪姐姐卖萌啦,解旋酶,40
琪姐姐卖萌啦,猴猴不迷路,20
钢炮,云nuage,636
钢炮,一片叶子,173
钢炮,六九七九,51
钢炮,dudu,167
2022实践团,猴猴不迷路,62
2022实践团,椰汁,63
2022实践团,小天使,229
咋肥四鸭,劳模,3515
咋肥四鸭,毛球,134
咋肥四鸭,归尘,99
咋肥四鸭,颠颠,62
咋肥四鸭,dudu,481
咋肥四鸭,秋小果,1295
河山,牛肉汤圆,30
河山,支原体,23
河山,2049,148
河山,颠颠,5
河山,dudu,5
河山,菠萝吹雪,3
河山,菜叶子,10
河山,ChoCho,5
河山,沐阳,139
河山,木山,10
河山,会赢,12
河山,劳模,3
河山,峰林,45
河山,小天使,25
河山,云nuage,895
2022实践团,菠萝吹雪,41
一墨,归尘,39
一墨,ChoCho,9
一墨,咋肥四鸭,464
一墨,猴猴不迷路,597
一墨,dudu,450
一墨,峰林,539
一墨,云nuage,890
雾路,归尘,34
雾路,雾路,396
雾路,解旋酶,24
雾路,dudu,393
雾路,毛球,228
雾路,云nuage,336
冰苎,咋肥四鸭,2611
冰苎,风吟,1355
冰苎,云nuage,195
冰苎,峰林,7574
冰苎,劳模,1634
冰苎,牛肉汤圆,5098
冰苎,是栗子呀,112
劳模,是栗子呀,31
劳模,牛肉汤圆,53
劳模,冰苎,62
劳模,支原体,64
劳模,毛球,57
劳模,三四,5
劳模,菠萝吹雪,19
劳模,咋肥四鸭,739
劳模,ChoCho,193
劳模,颠颠,34
劳模,云nuage,405
劳模,椰汁,31
劳模,小巴车,51
dudu,毛球,156
dudu,飞橘,22
dudu,土龟,16
dudu,东日,8
dudu,沐阳,74
dudu,华年,16
dudu,风吟,18
dudu,2049,109
dudu,暗星,9
dudu,九刀,38
dudu,猴猴不迷路,101
dudu,银狐,7
dudu,辰羽,15
dudu,飞舟,997
dudu,颠颠,14
dudu,解旋酶,603
dudu,萤火ovo,65
dudu,牛肉汤圆,1126
dudu,峰林,185
dudu,萝卟头,16
dudu,劳模,801
dudu,禾苗,7
dudu,还也,62
dudu,会赢,9
dudu,小奶猫,31
dudu,月霜,21
dudu,甜甜,38
dudu,望山,24
dudu,路易十六,30
橘子瓣,冰苎,33
橘子瓣,橘子瓣,55
橘子瓣,土龟,9
橘子瓣,栖风,112
橘子瓣,风吟,14
橘子瓣,支原体,10
橘子瓣,萝卟头,25
橘子瓣,椰汁,9
橘子瓣,飞橘,10
橘子瓣,咋肥四鸭,34
橘子瓣,牛肉汤圆,29
橘子瓣,毛球,9
橘子瓣,月霜,20
橘子瓣,峰林,126
橘子瓣,dudu,9
橘子瓣,会赢,23
橘子瓣,猴猴不迷路,9
橘子瓣,CAPU四九,38
橘子瓣,飞舟,10
橘子瓣,禾苗,71
橘子瓣,云nuage,29
橘子瓣,华年,29
橘子瓣,暗星,10
橘子瓣,解旋酶,21
2022骑行团,火星禹,273
2022骑行团,圆魄,8
2022骑行团,小奶猫,48
牛肉汤圆,归尘,25
牛肉汤圆,飞舟,741
牛肉汤圆,冰苎,16376
牛肉汤圆,东日,1610
牛肉汤圆,飞橘,4001
牛肉汤圆,猴猴不迷路,866
牛肉汤圆,咋肥四鸭,707
牛肉汤圆,六三,480
牛肉汤圆,栖风,1593
牛肉汤圆,椰汁,342
2022骑行团,萤火ovo,25
2022骑行团,路易十六,9
2022骑行团,冰苎,26
劳模,猴猴不迷路,203
劳模,橘子瓣,246
飞舟,飞舟,5302
飞舟,栖风,550
飞舟,饼饼,3777
飞舟,月霜,1071
飞舟,猴猴不迷路,581
飞舟,冰苎,2610
飞舟,一墨,1807
飞舟,牛肉汤圆,218
飞舟,东日,4957
飞舟,果丹皮,240
飞舟,六九七九,76
飞舟,成绩,155
飞舟,木山,2249
月霜,冰苎,6128
月霜,果丹皮,578
月霜,牛肉汤圆,5501
月霜,eco,1793
一墨,圆魄,59
一墨,飞舟,4686
一墨,饼饼,1794
一墨,牛肉汤圆,5322
一墨,萌新,1096
成绩,峰林,55
成绩,猴猴不迷路,455
成绩,飞舟,994
成绩,鹤临,792
成绩,栖风,915
成绩,彤彤,18993
成绩,冰苎,86
成绩,毛球,82
成绩,孟德,12
成绩,椰汁,31
成绩,会赢,110
冰苎,果丹皮,998
冰苎,eco,73
冰苎,彤彤,4255
冰苎,月霜,70321
冰苎,路易十六,886
冰苎,飞舟,861
冰苎,猴猴不迷路,960
冰苎,飞橘,1116
冰苎,贝斯特,205
冰苎,阿飘飘哥,234
冰苎,萤火ovo,204
飞橘,果丹皮,4
飞橘,支原体,4
飞橘,冰苎,1202
飞橘,饼饼,231
飞橘,飞舟,217
飞橘,阿飘飘哥,522
飞橘,萤火ovo,476
路易十六,果丹皮,822
路易十六,飞橘,10
路易十六,云nuage,52
路易十六,月霜,3387
路易十六,冰苎,2754
路易十六,峰林,1377
路易十六,阿飘飘哥,1087
猴猴不迷路,冰苎,1115
猴猴不迷路,鹤临,1156
猴猴不迷路,椰汁,26
猴猴不迷路,飞橘,953
猴猴不迷路,成绩,145
猴猴不迷路,饼饼,800
猴猴不迷路,飞舟,1233
月霜,月霜,1960
月霜,云nuage,33
月霜,阿飘飘哥,653
月霜,彤彤,201
牛肉汤圆,一墨,2094
牛肉汤圆,毛球,63
牛肉汤圆,果丹皮,1518
牛肉汤圆,云nuage,798
牛肉汤圆,彤彤,309
饼饼,飞舟,25919
饼饼,沐阳,2805
饼饼,一墨,3
饼饼,饼饼,320967
饼饼,成绩,4488
饼饼,六九七九,16
饼饼,九刀,4
饼饼,dudu,274
饼饼,猴猴不迷路,15849
饼饼,木山,1101
饼饼,飞橘,15
饼饼,牛肉汤圆,23
饼饼,东日,167
饼饼,冰苎,154
饼饼,濯枝雨,32
2022飞行团,饼饼,9
2022飞行团,CAPU四九,334
2022飞行团,冰苎,81
2022飞行团,椰汁,59
2022飞行团,飞橘,24
2022飞行团,猴猴不迷路,47
2022飞行团,飞舟,172
2022飞行团,华年,42
2022飞行团,月霜,49
2022飞行团,东日,96
2022飞行团,轩,16
2022飞行团,小天使,42
2022飞行团,木山,39
果丹皮,果丹皮,23335
果丹皮,冰苎,1715
果丹皮,阿飘飘哥,2205
果丹皮,路易十六,2778
果丹皮,2049,4924
果丹皮,猴猴不迷路,117
果丹皮,云nuage,40
果丹皮,飞橘,1675
果丹皮,支原体,60
果丹皮,牛肉汤圆,232
果丹皮,月霜,731
果丹皮,小天使,3634
果丹皮,八万,6
果丹皮,红色拖拉机,9
2022飞行团,小奶猫,248
2022飞行团,ka_ka,16
牛肉汤圆,牛肉汤圆,48165
牛肉汤圆,路易十六,2848
牛肉汤圆,月霜,12497
牛肉汤圆,阿飘飘哥,4
牛肉汤圆,支原体,626
牛肉汤圆,eco,665
牛肉汤圆,CAPU四九,24
牛肉汤圆,饼饼,319
牛肉汤圆,萤火ovo,1027
牛肉汤圆,贝斯特,895
牛肉汤圆,濯枝雨,59
牛肉汤圆,红色拖拉机,1645
阿飘飘哥,阿飘飘哥,136
阿飘飘哥,eco,153
阿飘飘哥,冰苎,55
阿飘飘哥,飞橘,471
阿飘飘哥,路易十六,65
阿飘飘哥,月霜,1363
阿飘飘哥,饼饼,669
阿飘飘哥,果丹皮,55
阿飘飘哥,云nuage,133
阿飘飘哥,萤火ovo,486
阿飘飘哥,猴猴不迷路,76
eco,冰苎,130
eco,果丹皮,6389
eco,eco,641
eco,云nuage,126
eco,萤火ovo,1658
eco,阿飘飘哥,12
eco,猴猴不迷路,600
橘猫,明非,35
橘猫,ChoCho,2063
橘猫,晚风,617
橘猫,冰苎,337
橘猫,猴猴不迷路,19
橘猫,飞舟,644
橘猫,游乐,1055
橘猫,东日,286
橘猫,牛肉汤圆,260
橘猫,华年,944
2022飞行团,云nuage,16
小东,果丹皮,594
小东,小天使,537
小东,小奶猫,27
小东,纹水,17
小东,小东,1241
小东,李杏,231
小东,harryCASI,398
ChoCho,ChoCho,29004
ChoCho,游乐,18
ChoCho,晚风,6051
ChoCho,华年,12437
ChoCho,东日,38377
ChoCho,小巴车,7
ChoCho,飞舟,281
ChoCho,果丹皮,421
ChoCho,炸土豆,5635417
ChoCho,濯枝雨,35
ChoCho,菜叶子,74563
ChoCho,冰苎,22
ChoCho,浅言,15194
ChoCho,毛球,18
ChoCho,椰汁,7897
ChoCho,橘猫,13315
拍子,风车,43
拍子,李杏,27
冰苎,冰苎,17051
冰苎,小天使,8
冰苎,人吃鱼,8
冰苎,支原体,12
冰苎,小奶猫,8
冰苎,dudu,773
冰苎,望山,9
冰苎,小东,10
2022实践团,冰苎,366
2022实践团,支原体,212
2022实践团,萤火ovo,37
2022实践团,饼饼,91
2022实践团,路易十六,15
木山,毛球,96
木山,dudu,94
木山,栖风,493
木山,冰苎,42
木山,饼饼,26
木山,猴猴不迷路,163
木山,东日,33
木山,小奶猫,22
木山,飞舟,2640
木山,月霜,76
木山,牛肉汤圆,480
2022实践团,飞舟,261
2022实践团,丽仔,9
2022实践团,果丹皮,100
2022实践团,小奶猫,48
2022实践团,小东,7
晚风,晚风,28
晚风,毛球,150
晚风,ChoCho,1532
晚风,椰汁,21
2022实践团,菊石,33
2022实践团,东日,14
2022实践团,橘猫,42
2022实践团,牛肉汤圆,154
2022实践团,鲸骑,76
冰苎,毛球,550
冰苎,火星禹,155
冰苎,一鸣,1622
冰苎,成绩,5630
2022实践团,飞橘,9
2022实践团,火星禹,66
2022实践团,月霜,38
2022实践团,木山,21
毛球,是栗子呀,111
毛球,风吟,34
毛球,冰苎,5603
毛球,峰林,2830
毛球,纹水,155
毛球,月霜,525
毛球,飞舟,11992
毛球,tt,61
毛球,CAPU四九,275
毛球,小奶猫,73
毛球,栖风,5941
冰苎,一片叶子,2614
23石花洞,猴猴不迷路,25
23石花洞,一墨,108
23石花洞,鹤临,37
dudu,2022飞行团,10
dudu,肚肚,10
dudu,2022实践团,26
dudu,游乐,313
dudu,鹤临,83
菊石,果丹皮,150
菊石,栖风,17
菊石,table-ywz,108
菊石,风吟,67
菊石,小天使,330
菊石,冰苎,635
菊石,峰林,727
菊石,dudu,28
菊石,小豹,460
dudu,小豹,152
dudu,瓦罐汤,34
果丹皮,咋肥四鸭,397
果丹皮,小水车,61
果丹皮,拍子,367
马丁Martínez,人输元,93
马丁Martínez,焕少,91
马丁Martínez,小奶猫,220
马丁Martínez,淘淘猫,27
马丁Martínez,望山,539
马丁Martínez,秋小果,743
马丁Martínez,harryCASI,11
马丁Martínez,李杏,61
马丁Martínez,赵老邪,122
dudu,是栗子呀,73
dudu,支原体,9
dudu,归尘,80
dudu,浅言,9
dudu,四羊,9
dudu,果丹皮,18
dudu,六爻,59
dudu,小巴车,28
dudu,雾路,41
dudu,椰汁,108
dudu,红色拖拉机,19
dudu,YQY,71
dudu,小饭团w,11
dudu,CAPU四九,20
dudu,丽仔,23
dudu,饼饼,18
dudu,翠翠r,22
2022骑行团,菊石,10
2022骑行团,飞舟,22
2022骑行团,月霜,21
2022骑行团,鹤临,351
2022骑行团,果丹皮,67
2022骑行团,牛肉汤圆,156
月霜,支原体,46
月霜,秋小果,55
月霜,栖风,5
月霜,路易十六,802
月霜,土龟,8
月霜,飞舟,876
月霜,风吟,8
月霜,一片叶子,329
月霜,咋肥四鸭,8
月霜,猴猴不迷路,190
月霜,解旋酶,16
月霜,萤火ovo,8
月霜,华年,9
月霜,东日,70
月霜,table-ywz,140
月霜,小满,5
月霜,飞橘,9
月霜,ChoCho,49
月霜,游乐,28
月霜,萝卟头,36
月霜,麦当,8
月霜,沐阳,8
月霜,雾路,254
2022飞行团,2021骑行团,8
2022飞行团,青(qing),47
2022飞行团,table-ywz,290
2022飞行团,纹水,8
2022飞行团,麦当,7
钢炮,table-ywz,14
钢炮,冰苎,451
钢炮,猴猴不迷路,622
钢炮,菊石,242
钢炮,翠翠r,733
钢炮,劳模,1383
2022飞行团,果丹皮,71
2022飞行团,小满,5
2022飞行团,还也,38
22飞行团,dudu,7
22飞行团,沐阳,7
22飞行团,萤火ovo,7
22飞行团,解旋酶,7
22飞行团,椰子王,7
22飞行团,冰苎,8
22飞行团,果丹皮,6
22飞行团,银狐,22
22飞行团,土龟,7
22飞行团,咋肥四鸭,7
22飞行团,风吟,7
22飞行团,支原体,7
22飞行团,栖风,7
22飞行团,毛球,9
22飞行团,CAPU四九,14
22飞行团,华年,7
22飞行团,小满,9
22飞行团,还也,5
22飞行团,table-ywz,172
22飞行团,飞舟,9
22飞行团,小熊猫猫,7
22飞行团,秋小果,8
22飞行团,丽仔,7
22飞行团,橘猫,18
22飞行团,萝卟头,7
2022实践团,劳模,19
劳模,二妹,28
劳模,劳模,251933
劳模,华年,872
劳模,飞舟,5
劳模,土龟,6
劳模,月霜,13
小象,峰林,169
小象,不二猫,70
小象,解旋酶,184
小象,Libby,92
小象,猴猴不迷路,147
小象,小熊猫猫,125
小象,小天使,468
小象,小笨熊,148
小象,果丹皮,712
劳模,一片叶子,31
含笑,一片叶子,119
含笑,解旋酶,31
含笑,翠翠r,184
含笑,游乐,24
含笑,牛肉汤圆,226
含笑,吉姆,95
含笑,飞舟,21
含笑,六三,79
含笑,一墨,235
含笑,秋小果,304
含笑,dudu,15
峰林,峰林,67673
峰林,游乐,29
峰林,毛球,400
峰林,黑猫,1159
峰林,小笨熊,54
峰林,冰苎,3269
峰林,果丹皮,8
椰汁,还也,1437
椰汁,华年,27
椰汁,飞舟,15
椰汁,劳模,47
椰汁,小满,19
椰汁,小熊猫猫,33
椰汁,土龟,20
椰汁,咋肥四鸭,13
椰汁,风吟,101
椰汁,归尘,55
椰汁,一墨,2165
椰汁,冰苎,66
椰汁,果丹皮,57
椰汁,dudu,7
椰汁,月霜,196
椰汁,黑猫,2
椰汁,鹤临,310
一墨,翠翠r,2964
一墨,贝斯特,826
一墨,冰苎,3356
一墨,小东,47
一墨,椰汁,971
一墨,劳模,9342
贝斯特,冰苎,111
贝斯特,六三,134
贝斯特,小东,40
贝斯特,猴猴不迷路,190
贝斯特,乐迪,176
贝斯特,椰汁,14
贝斯特,菊石,174
贝斯特,翠翠r,195
贝斯特,牛肉汤圆,15
贝斯特,一墨,571
贝斯特,圆魄,1240
贝斯特,劳模,140
贝斯特,解旋酶,508
贝斯特,先先,327
贝斯特,果丹皮,721
贝斯特,云nuage,295
贝斯特,dudu,292
一墨,一墨,869
一墨,不突,1635
一墨,青鸟,978
一墨,解旋酶,929
一墨,河虾,33
一墨,先先,32
一墨,鹤临,1452
一墨,孟德,1107
一墨,吉姆,402
一墨,六九七九,77
一墨,玉龙,33
一墨,月霜,1953
一墨,含笑,12
一墨,球状闪电,54
一墨,东日,5633
一墨,路易十六,1534
一墨,eco,3126
一墨,一杰,187
一墨,六三,332
一墨,青天草,207
一墨,沐阳,1871
一墨,菜叶子,31410
一墨,kx,315
一墨,四羊,333
2022实践团,乐迪,21
2022实践团,小象,8
2022实践团,六三,83
2022实践团,吉姆,451
咋肥四鸭,咋肥四鸭,31208
咋肥四鸭,青天草,1850
咋肥四鸭,六三,2895
咋肥四鸭,解旋酶,161
咋肥四鸭,DUE,261
咋肥四鸭,一墨,717
咋肥四鸭,牛肉汤圆,181
咋肥四鸭,CAPU四九,1467
咋肥四鸭,六爻,403
六三,六三,2
六三,青天草,1624
六三,咋肥四鸭,12085
六三,乐迪,3906
六三,飞舟,3161
六三,果丹皮,5032
六三,DUE,21
六三,逆方向的小雨,30
六三,菠萝吹雪,156
六三,一墨,1262
六三,一片叶子,5598
六三,牛肉汤圆,1271
六三,劳模,5575
六三,孟德,1150
六三,dudu,490
六三,会赢,130
六三,猴猴不迷路,218
六三,小笨熊,3445
六三,小巴车,52
六三,冰苎,2343
六三,月霜,10947
六三,菜叶子,12157
六三,翠翠r,334
六三,一杰,1009
六三,六爻,9961
六三,雾路,100
路易十六,路易十六,547
路易十六,小豹,336
路易十六,kx,624
路易十六,三里,589
路易十六,毛球,614
咋肥四鸭,沐阳,6061
咋肥四鸭,猴猴不迷路,115
咋肥四鸭,冰苎,176
咋肥四鸭,二妹,137
咋肥四鸭,月霜,5145
月霜,成绩,458
月霜,六三,13374
月霜,青(qing),51
月霜,小巴车,95
月霜,乐迪,2097
月霜,黑猫,443
月霜,dudu,793
月霜,二妹,99
月霜,一墨,3358
月霜,劳模,56
月霜,橡皮.,65
月霜,团子2号,98
月霜,芋圆,25
月霜,翠翠r,57
月霜,仙贝,2039
月霜,菜叶子,21041
月霜,六爻,3478
月霜,余割,3123
冰苎,菊石,4336
冰苎,黑猫,617
冰苎,乐迪,2372
冰苎,二妹,160
冰苎,团子2号,2006
冰苎,六三,3490
冰苎,一墨,1461
冰苎,芋圆,167
冰苎,还也,784
冰苎,解旋酶,666
冰苎,雾路,246
冰苎,Jewish,4709
冰苎,长河,1419
冰苎,林晓,132
冰苎,余割,13
小东,牛肉汤圆,133
小东,小恶魔,4
小东,橡皮.,309
小东,归尘,61
小东,咋肥四鸭,166
小东,2049,8
小东,猴猴不迷路,97
小东,一墨,431
小东,毛球,87
乐迪,乐迪,543
乐迪,小笨熊,1788
乐迪,牛肉汤圆,735
乐迪,六三,4360
乐迪,一片叶子,1217
乐迪,月霜,4607
乐迪,纹水,1355
乐迪,飞舟,856
乐迪,一墨,1539
乐迪,劳模,2236
乐迪,冰苎,1351
乐迪,咋肥四鸭,1876
乐迪,橘猫,38
乐迪,果丹皮,66
乐迪,橡皮.,145
乐迪,贝斯特,663
乐迪,芋圆,69
乐迪,翠翠r,143
乐迪,二妹,187
乐迪,kx,324
乐迪,Jewish,698
毛球,翠翠r,13
毛球,小笨熊,133
毛球,小豹,167
毛球,一墨,16
橘猫,小笨熊,3257
橘猫,乐迪,2278
橘猫,翠翠r,45
橘猫,劳模,235
橘猫,果丹皮,468
橘猫,不是真菌的假菌,494
橘猫,余割,1362
橘猫,芋圆,41
橘猫,月霜,2974
橘猫,浅言,2985
橘猫,Jewish,2097
橘猫,雾路,8
一片叶子,飞舟,2018
一片叶子,小豹,125
一片叶子,牛肉汤圆,483
一片叶子,乐迪,2373
一片叶子,支原体,1225
一片叶子,六三,1056
一片叶子,黑猫,1776
一片叶子,冰苎,269
一片叶子,劳模,3366
一片叶子,路易十六,575
一片叶子,kx,1776
一片叶子,还也,1449
云nuage,冰苎,325
云nuage,eco,1460
云nuage,牛肉汤圆,369
云nuage,Box,234
云nuage,银狐,463
云nuage,山楂糕,365
云nuage,SCI收割机,95
云nuage,劳模,755
云nuage,果丹皮,1044
云nuage,黑猫,2653
云nuage,六爻,2564
云nuage,月霜,276
毛球,黑猫,5874
毛球,吉姆,164
毛球,萝卟头,325
毛球,劳模,782
毛球,果丹皮,60
毛球,橡皮.,2057
毛球,一片叶子,557
毛球,不是真菌的假菌,520
毛球,kx,3332
毛球,还也,2235
毛球,四羊,333
毛球,长河,6978
毛球,轩,6
Ao,冰苎,1223
Ao,翠翠r,61
Ao,咋肥四鸭,373
Ao,飞舟,1538
Ao,不是真菌的假菌,505
Ao,云nuage,468
Ao,是栗子呀,375
Ao,秋小果,103
Ao,猴猴不迷路,476
Ao,月霜,1790
Ao,六爻,4130
冰苎,华年,1
冰苎,青天草,133
钢炮,一墨,322
钢炮,菜叶子,24
钢炮,黑胡思,630
钢炮,Libby,187
橡皮.,橡皮.,97
橡皮.,青鸟,710
橡皮.,翠翠r,1476
橡皮.,一杰,52
橡皮.,牛肉汤圆,1578
橡皮.,冰苎,1209
橡皮.,奶油小狗,843
橡皮.,一墨,654
橡皮.,劳模,1274
橡皮.,果丹皮,83
橡皮.,飞舟,617
橡皮.,团子2号,1084
橡皮.,筱颜,16
橡皮.,怎么办？,120
橡皮.,月霜,1036
橡皮.,六爻,2073
成绩,2049,543
成绩,一墨,307
成绩,翠翠r,41
成绩,萝卟头,69
成绩,月霜,14
成绩,牛肉汤圆,10
成绩,菊石,12
成绩,harryCASI,29
成绩,CAPU四九,174
成绩,劳模,631
成绩,橡皮.,146
团子2号,团子2号,1803
团子2号,容容,35
团子2号,峰林,1302
团子2号,翠翠r,3855
团子2号,冰苎,1700
团子2号,菊石,1931
团子2号,小豹,142
团子2号,飞舟,2429
团子2号,果丹皮,816
团子2号,橡皮.,2158
团子2号,一杰,205
团子2号,牛肉汤圆,260
团子2号,小巴车,76
团子2号,奶油小狗,1531
团子2号,kx,2279
团子2号,月霜,2192
团子2号,六爻,3102
团子2号,余割,747
青鸟,青鸟,122
青鸟,橡皮.,394
青鸟,冰苎,1138
青鸟,牛肉汤圆,461
青鸟,一墨,1098
青鸟,孟德,15
青鸟,table-ywz,153
青鸟,翠翠r,210
青鸟,不是真菌的假菌,458
青鸟,劳模,717
青鸟,六爻,884
青鸟,余割,9
一墨,蚂蚱腿子,45
一墨,浅言,121
一墨,黑胡思,2328
一墨,Libby,1476
翠翠r,椰汁,188
翠翠r,菜叶子,24581
翠翠r,牛肉汤圆,11
翠翠r,浅言,61
翠翠r,一墨,4356
翠翠r,劳模,5458
翠翠r,黑胡思,958
翠翠r,Libby,916
翠翠r,果丹皮,1887
飞舟,不是真菌的假菌,532
飞舟,咋肥四鸭,77
飞舟,橡皮.,384
飞舟,翠翠r,427
飞舟,团子2号,1171
飞舟,六三,2479
飞舟,一片叶子,330
飞舟,毛球,135
飞舟,余割,1040
飞舟,乐迪,1733
飞舟,dudu,1943
飞舟,还也,1630
飞舟,雾路,1329
飞舟,吉姆,2973
飞舟,沐阳,1963
飞舟,Jewish,861
一杰,一杰,11
一杰,翠翠r,2024
一杰,团子2号,2031
一杰,青鸟,572
一杰,六三,5657
一杰,飞舟,1164
一杰,猴猴不迷路,146
一杰,奶油小狗,1530
一杰,牛肉汤圆,492
一杰,Box,2001
一杰,劳模,8
一杰,咋肥四鸭,185
一杰,一墨,891
一杰,圆儿,1747
一杰,果丹皮,1100
一杰,雾路,8
一杰,月霜,8
彤彤,彤彤,2868
彤彤,栖风,19
彤彤,2049,3323
彤彤,华年,2100
彤彤,成绩,44
彤彤,table-ywz,352
彤彤,牛肉汤圆,248
彤彤,云nuage,896
彤彤,孟德,477
彤彤,冰苎,269
彤彤,余割,1396
彤彤,奶油小狗,804
彤彤,会赢,146
彤彤,还也,2784
彤彤,劳模,4525
彤彤,六爻,454
沐阳,一墨,3509
沐阳,牛肉汤圆,32
沐阳,咋肥四鸭,597
沐阳,翠翠r,302
沐阳,秋小果,1373
沐阳,Libby,1981
沐阳,劳模,12585
Libby,咋肥四鸭,55
Libby,dudu,140
Libby,2017实践团,4
Libby,木头。。。,3
Libby,还也,894
Libby,猴猴不迷路,19
Libby,翠翠r,27
Libby,小巴车,21
Libby,椰汁,1615
Libby,浣熊,307
Libby,小东,114
Libby,小天使,1080
Libby,小末,762
Libby,不二猫,450
Libby,纹水,686
Libby,一墨,1262
Libby,不突,1083
Libby,信信,459
Libby,炸弹,37
Libby,菜籽儿,574
Libby,Libby,175
Libby,永恒的冬天,122
Libby,劳模,2020
秋小果,dudu,2
秋小果,翠翠r,334
秋小果,Libby,1090
秋小果,一墨,484
秋小果,劳模,2214
华年,华年,5549
华年,木头。。。,1172
华年,2049,1975
华年,冰苎,984
华年,劳模,7365
余割,余割,3073
余割,峰林,410
余割,团子2号,525
余割,猴猴不迷路,55
余割,橘猫,66
余割,冰苎,1287
余割,孟德,367
余割,彤彤,1312
余割,奶油小狗,1781
余割,牛肉汤圆,180
余割,飞舟,621
余割,翠翠r,455
余割,黑猫,470
余割,月霜,3337
余割,容容,189
余割,劳模,92
余割,六爻,1066
余割,dudu,580
小豹,栖风,2885
小豹,小笨熊,43
小豹,咋肥四鸭,52
小豹,小满,4
小豹,果丹皮,573
小豹,三四,12
小豹,毛球,9
小豹,橘猫,9
小豹,人吃鱼,14
小豹,飞舟,268
小豹,甜甜,118
小豹,解旋酶,189
小豹,拍子,6
小豹,甘道夫,380
牛肉汤圆,三四,8
牛肉汤圆,乐迪,403
牛肉汤圆,余割,1628
牛肉汤圆,青鸟,1072
牛肉汤圆,河虾,1387
牛肉汤圆,翠翠r,340
牛肉汤圆,团子2号,1378
牛肉汤圆,dudu,852
牛肉汤圆,劳模,11656
牛肉汤圆,Jewish,3512
牛肉汤圆,长河,83
四羊,椰汁,245
四羊,余割,737
四羊,青鸟,235
四羊,一墨,572
四羊,翠翠r,647
四羊,table-ywz,465
四羊,银狐,99
四羊,牛肉汤圆,222
四羊,猴猴不迷路,265
四羊,黑猫,332
四羊,劳模,4219
四羊,六爻,608
红枫,Doggie多几,446
红枫,尼诺,633
eco,余割,1593
eco,纹水,1772
eco,翠翠r,128
eco,劳模,530
eco,六爻,689
还也,峰林,798
还也,解旋酶,2777
还也,青鸟,714
还也,归尘,75
还也,小豹,35
还也,猴猴不迷路,84
还也,劳模,3114
2022骑行团,容容,37
2022骑行团,翠翠r,27
2022骑行团,余割,23
2022骑行团,乐迪,38
2022骑行团,二妹,53
2022骑行团,秋小果,69
2022骑行团,一墨,11
2022骑行团,东日,13
2022骑行团,Box,28
2022骑行团,六三,23
2022骑行团,贝斯特,7
2022骑行团,孟德,8
2022骑行团,雾路,21
2022骑行团,ChoCho,315
Ricky,Ricky,39
Ricky,猴猴不迷路,399
Ricky,翠翠r,137
Ricky,不是真菌的假菌,80
Ricky,劳模,323
Ricky,六爻,873
路易十六,dudu,1101
路易十六,余割,1080
路易十六,团子2号,1342
路易十六,翠翠r,34
路易十六,一片叶子,190
路易十六,黑猫,753
路易十六,飞舟,1337
路易十六,牛肉汤圆,138
路易十六,菊石,828
路易十六,解旋酶,798
路易十六,雾路,231
路易十六,浅言,1252
芋圆,芋圆,23
芋圆,余割,28529
芋圆,飞舟,11595
芋圆,小满,6293
芋圆,翠翠r,8023
芋圆,ChoCho,81
芋圆,椰汁,163
芋圆,牛肉汤圆,2076
芋圆,月霜,19137
芋圆,黑猫,6044
芋圆,劳模,14
芋圆,六爻,7414
芋圆,奶油小狗,518
2022飞行团,浅言,7
2022飞行团,一墨,30
2022飞行团,翠翠r,30
2022飞行团,吉姆,29
2022飞行团,牛肉汤圆,51
不是真菌的假菌,游乐,127
不是真菌的假菌,青鸟,187
不是真菌的假菌,Ricky,44
不是真菌的假菌,牛肉汤圆,145
不是真菌的假菌,劳模,2599
不是真菌的假菌,六爻,3028
2022飞行团,菜叶子,8
菜叶子,菜叶子,375
菜叶子,翠翠r,1651
菜叶子,六三,5059
菜叶子,橘子瓣,786
菜叶子,一片叶子,1228
菜叶子,余割,1965
菜叶子,月霜,3458
菜叶子,飞舟,3972
菜叶子,牛肉汤圆,8122
菜叶子,筱颜,7
菜叶子,猴猴不迷路,19
菜叶子,一杰,1561
菜叶子,一墨,1635
菜叶子,沐阳,3260
翠翠r,翠翠r,1
翠翠r,一杰,2079
翠翠r,六三,4196
翠翠r,容容,1
翠翠r,团子2号,6227
翠翠r,秋小果,1179
翠翠r,会赢,134
翠翠r,四羊,323
翠翠r,解旋酶,745
翠翠r,乐迪,186
翠翠r,不二猫,194
翠翠r,奶油小狗,134
翠翠r,飞舟,1226
翠翠r,吉姆,6669
2022实践团,秋小果,94
2022实践团,一片叶子,13
2022实践团,翠翠r,7
鲸岛,鲸岛,681
鲸岛,六三,629
鲸岛,余割,689
鲸岛,吉姆,330
鲸岛,团子2号,94
鲸岛,雾路,199
鲸岛,一墨,612
会赢,彤彤,159
会赢,成绩,20
会赢,椰汁,12
会赢,table-ywz,18
会赢,贝斯特,104
会赢,翠翠r,2542
会赢,菠萝吹雪,141
会赢,dudu,521
会赢,华年,1981
会赢,六爻,75
一墨,纹水,4
一墨,成绩,5
一墨,秋小果,37
六爻,六爻,18939
六爻,dudu,827
六爻,牛肉汤圆,1897
六爻,菜叶子,13590
六爻,筱颜,17
六爻,猴猴不迷路,16
六爻,翠翠r,16
六爻,飞舟,2648
六爻,冰苎,461
六爻,团子2号,213
六爻,吉姆,1785
六爻,芋圆,701
六爻,ChoCho,221
奶油小狗,奶油小狗,112
奶油小狗,乐迪,1789
奶油小狗,余割,1222
奶油小狗,猴猴不迷路,14
奶油小狗,翠翠r,285
奶油小狗,团子2号,1895
奶油小狗,一杰,956
奶油小狗,橘子瓣,211
奶油小狗,果丹皮,482
奶油小狗,芋圆,4728
还也,小熊猫猫,551
还也,小笨熊,1109
还也,飞舟,866
还也,冰苎,236
还也,轩,145
还也,余割,757
还也,彤彤,844
还也,kx,79
还也,纹水,75
还也,游乐,10
还也,壹乙,7
还也,Joy啾伊,359
还也,小巴车,146
还也,翠翠r,273
还也,华年,696
还也,一墨,778
华年,容容,1
华年,会赢,7
华年,dudu,3
华年,table-ywz,81
华年,彤彤,656
华年,成绩,9
华年,鹤临,236
华年,孟德,57
三四,三四,15
三四,飞舟,35
三四,小豹,2
三四,果丹皮,2
三四,冰苎,31
三四,2049,415
三四,菊石,736
三四,六三,70
三四,吉姆,815
三四,翠翠r,1226
三四,风车,103
三四,劳模,351
雾路,路易十六,1430
雾路,余割,2537
雾路,峰林,3770
雾路,冰苎,1743
雾路,菊石,1674
雾路,飞舟,2079
雾路,猴猴不迷路,61
雾路,团子2号,3599
雾路,翠翠r,916
雾路,乐活,10
雾路,月霜,117
长河,余割,5184
长河,飞舟,2421
长河,雾路,2092
长河,路易十六,2538
长河,毛球,129
长河,冰苎,1762
长河,木头。。。,14
长河,一杰,1693
浅言,浅言,17
浅言,毛球,427
浅言,牛肉汤圆,491
浅言,猴猴不迷路,46
浅言,翠翠r,887
浅言,余割,1138
浅言,月霜,155
浅言,不是真菌的假菌,784
浅言,菜叶子,11233
浅言,华年,2096
浅言,Jewish,1878
浅言,长河,92
解旋酶,解旋酶,1
解旋酶,小豹,36
解旋酶,翠翠r,154
解旋酶,青鸟,337
解旋酶,鲸岛,7
解旋酶,Jewish,165
解旋酶,还也,548
解旋酶,dudu,15
解旋酶,月霜,103
解旋酶,吉姆,456
解旋酶,秋小果,392
解旋酶,颠颠,7
解旋酶,咋肥四鸭,415
解旋酶,一墨,692
解旋酶,怎么办？,91
解旋酶,六爻,1488
阿斯,阿斯,62
阿斯,翠翠r,521
阿斯,团子2号,2660
阿斯,月霜,151
阿斯,六爻,2573
阿斯,雾路,8
阿斯,三四,788
沐阳,沐阳,1189
沐阳,飞舟,1417
沐阳,六三,2
沐阳,颠颠,5
沐阳,dudu,65
沐阳,吉姆,4
沐阳,解旋酶,118
沐阳,月霜,72
沐阳,余割,2099
沐阳,还也,1273
沐阳,成绩,5
沐阳,彤彤,422
沐阳,冰苎,4
沐阳,游乐,131
沐阳,Ricky,33
吉姆,吉姆,1
吉姆,一墨,2397
吉姆,牛肉汤圆,664
吉姆,辰羽,971
吉姆,含笑,120
吉姆,翠翠r,1462
吉姆,六爻,2013
蓝毛仔,蓝毛仔,1903
蓝毛仔,果丹皮,233
蓝毛仔,一墨,251
蓝毛仔,Ricky,45
蓝毛仔,六爻,107
蓝毛仔,月霜,8
小李卢,栖风,95
小李卢,咋肥四鸭,379
小李卢,三四,6
小李卢,小豹,347
小李卢,一片叶子,234
小豹,小豹,6427
小豹,小东,47
小豹,小李卢,1
小豹,翠翠r,151
小豹,椰汁,30
小豹,会赢,63
小豹,峰林,563
土山,土山,43
土山,咋肥四鸭,2761
土山,六三,225
土山,青天草,1531
土山,飞舟,2814
土山,DUE,5
土山,余割,1339
土山,椰汁,13
土山,冰苎,263
土山,猴猴不迷路,44
鹤临,鹤临,37048
鹤临,冰苎,1403
鹤临,一墨,11
鹤临,猴猴不迷路,22
鹤临,蓝毛仔,20
青天草,青天草,1
青天草,咋肥四鸭,2103
青天草,DUE,4
青天草,六三,312
青天草,土山,4
青天草,容容,37
青天草,猴猴不迷路,137
青天草,吉姆,250
青天草,一杰,6
青天草,一墨,1167
青天草,颠颠,105
青天草,会赢,120
青天草,还也,1091
青天草,翠翠r,857
青天草,余割,1133
劳模,余割,1557
劳模,吉姆,455
劳模,翠翠r,1360
劳模,一墨,2827
劳模,不是真菌的假菌,303
劳模,果丹皮,1724
劳模,秋小果,2000
劳模,四羊,640
劳模,团子2号,181
kx,kx,1
kx,容容,3
kx,波,12
kx,吉姆,245
kx,解旋酶,205
kx,彤彤,108
kx,阿廖沙,45
kx,椰汁,72
kx,一墨,1194
果丹皮,小笨熊,1956
果丹皮,青鸟,338
果丹皮,Peggy(佩吉),99
果丹皮,吉姆,4162
果丹皮,Box,2116
果丹皮,六三,573
果丹皮,小东,208
果丹皮,乐迪,178
果丹皮,劳模,18188
果丹皮,解旋酶,912
果丹皮,小象,1998
果丹皮,翠翠r,2582
果丹皮,小豹,1260
果丹皮,一杰,2392
果丹皮,蓝毛仔,685
果丹皮,圆儿,900
果丹皮,纹水,1723
果丹皮,孟德,20
果丹皮,贝斯特,70
果丹皮,eco,517
果丹皮,羚羊,492
果丹皮,dudu,603
果丹皮,余割,540
果丹皮,人吃鱼,234
峰林,还也,990
峰林,余割,6664
峰林,路易十六,29
峰林,猴猴不迷路,22
峰林,壹乙,7
峰林,轩,8
峰林,团子2号,795
峰林,劳模,20782
峰林,小水车,91
峰林,橘猫,151
峰林,纹水,226
峰林,菊石,1274
余割,吉姆,2438
Jewish,Jewish,32
Jewish,峰林,26
Jewish,六三,1012
Jewish,冰苎,677
Jewish,乐迪,29090
Jewish,猴猴不迷路,32
Jewish,青鸟,458
Jewish,鹤临,1684
Jewish,不是真菌的假菌,91
Jewish,解旋酶,94
Jewish,彤彤,774
Jewish,颠颠,11
Jewish,牛肉汤圆,390
Jewish,月霜,1295
Jewish,飞舟,2624
Jewish,成绩,197
Jewish,沐阳,1488
Jewish,漫游,24
Jewish,dudu,469
Jewish,小笨熊,1
支原体,支原体,796
支原体,峰林,19
支原体,路易十六,500
支原体,猴猴不迷路,40
支原体,秋小果,480
支原体,还也,101
支原体,一片叶子,381
支原体,彤彤,607
支原体,解旋酶,563
支原体,冰苎,204
支原体,乐迪,332
支原体,阿瑟平井,104
支原体,颠颠,5
支原体,月霜,3566
支原体,椰汁,15
支原体,一墨,612
支原体,小豹,219
支原体,长河,82
支原体,ka_ka,113
支原体,dudu,18
支原体,轩,4
支原体,果丹皮,312
支原体,小笨熊,1
支原体,雾路,8
木山,木山,1
木山,六三,437
木山,Jewish,505
木山,六九七九,3
木山,鹤临,8638
木山,团子2号,85
木山,吉姆,534
木山,长河,787
木山,秋小果,96
木山,成绩,1
木山,乐迪,159
木山,圆魄,63
木山,沐阳,1241
木山,二妹,131
木山,一墨,642
dudu,彤彤,308
dudu,秋小果,2453
dudu,三四,6
dudu,Jewish,368
dudu,小笨熊,589
dudu,ChoCho,505
dudu,纹水,83
dudu,团子2号,764
dudu,余割,398
飞歌,三四,8
飞歌,一墨,357
飞歌,余割,22
飞歌,翠翠r,3
椰汁,支原体,15
椰汁,成绩,4
椰汁,彤彤,740
椰汁,乐迪,3
椰汁,六三,3
椰汁,橘猫,430
椰汁,table-ywz,213
椰汁,余割,5
椰汁,二妹,5
椰汁,吉姆,57
椰汁,小豹,164
椰汁,ka_ka,5
椰汁,ChoCho,354
椰汁,胡桃,5
萝卟头,会赢,248
萝卟头,椰汁,30
萝卟头,游乐,4
萝卟头,2049,2987
萝卟头,成绩,7
萝卟头,橘猫,29
萝卟头,翠翠r,892
萝卟头,果丹皮,96
萝卟头,小天使,96
萝卟头,table-ywz,153
萝卟头,余割,51
萝卟头,彤彤,168
萝卟头,吉姆,740
萝卟头,ka_ka,14
东日,东日,14633
东日,三四,4
东日,游乐,3
东日,橘猫,437
东日,秋小果,1257
东日,吉姆,336
东日,冰苎,1515
东日,一墨,847
东日,孟德,106
游乐,游乐,13
游乐,小笨熊,15
游乐,峰林,39
游乐,橘猫,412
游乐,壹乙,19
游乐,椰汁,141
游乐,还也,1359
游乐,小巴车,161
游乐,ChoCho,4823
游乐,晚风,1472
游乐,轩,9
2022飞行团,青天草,28
2022飞行团,阿瑟平井,50
Box,Box,14
Box,一墨,2295
Box,猴猴不迷路,94
Box,果丹皮,39
Box,长河,1933
Box,一杰,2674
孟德,长河,408
孟德,麦当,288
孟德,菠萝吹雪,18
孟德,东日,182
2022飞行团,鹤临,19
2022飞行团,余割,7
2022飞行团,团子2号,7
2022飞行团,Ricky,10
小笨熊,小笨熊,26694
小笨熊,乐迪,4
小笨熊,ChoCho,56
小笨熊,小饭团w,28
小笨熊,橘猫,743
小笨熊,小象,12
小笨熊,鹤临,3
小笨熊,牛肉汤圆,4
小笨熊,果丹皮,4
小笨熊,支原体,7
小笨熊,dudu,444
小笨熊,六三,21
余割,一墨,48
余割,雾路,30
余割,路易十六,412
拍子,归尘,51
2023飞行团,飞舟,248
2023飞行团,冰苎,32
2023飞行团,乐迪,31
2023飞行团,阿斯,43
2023飞行团,dudu,33
2023飞行团,一杰,29
2023飞行团,雾路,28
2023飞行团,成绩,7
2023飞行团,六三,34
2023飞行团,翠翠r,44
2023飞行团,劳模,34
2023飞行团,风吟,15
2023飞行团,牛肉汤圆,73
2023飞行团,余割,59
2023飞行团,解旋酶,14
2023飞行团,华年,21
2023飞行团,游乐,12
2023飞行团,咋肥四鸭,28
2023飞行团,萤火ovo,21
2023飞行团,东日,69
2023飞行团,吉姆,12
2023飞行团,辰羽,14
2023飞行团,路易十六,7
2023飞行团,Jewish,69
2023飞行团,奶油小狗,34
2023飞行团,Ricky,9
2023飞行团,还也,18
2023飞行团,果丹皮,115
2023飞行团,贝斯特,7
2023飞行团,CAPU四九,91
2023飞行团,ChoCho,22
2023飞行团,橡皮.,15
2023飞行团,峰林,12
2022实践团,余割,13
2022实践团,Ricky,10
2022实践团,一墨,8
2049,2049,4
2049,望山,5
2049,会赢,4
2049,栖风,706
2049,椰汁,16
2049,咋肥四鸭,102
2049,成绩,16
2049,风吟,43
2049,彤彤,205
杨总的手下们,一墨,2
杨总的手下们,解旋酶,11
杨总的手下们,CAPU四九,51
杨总的手下们,月霜,26
杨总的手下们,东日,7
杨总的手下们,冰苎,9
杨总的手下们,翠翠r,18
杨总的手下们,菜叶子,13
杨总的手下们,dudu,11
杨总的手下们,华年,58
杨总的手下们,余割,11
杨总的手下们,椰汁,10
杨总的手下们,牛肉汤圆,17
杨总的手下们,小笨熊,15
杨总的手下们,飞舟,10
杨总的手下们,奶油小狗,27
杨总的手下们,萤火ovo,9
杨总的手下们,六三,41
2023飞行团,一墨,85
2023飞行团,月霜,28
2023飞行团,支原体,17
2023飞行团,椰汁,10
2023飞行团,小笨熊,33
2023飞行团,菜叶子,11
2023飞行团,鲸岛,8
2023骑行团,余割,33
2023骑行团,沐阳,54
2023骑行团,奶油小狗,99
2023骑行团,冰苎,99
2023骑行团,青鸟,8
2023骑行团,橡皮.,33
2023骑行团,翠翠r,131
2023骑行团,鲸岛,55
2023骑行团,飞舟,100
2023骑行团,六三,13
2023骑行团,菜叶子,94
2023骑行团,dudu,56
2023骑行团,月霜,48
2023骑行团,辰羽,7
2023骑行团,吉姆,42
2023骑行团,萤火ovo,7
2023骑行团,劳模,138
2023骑行团,还也,7
2023骑行团,东日,14
2023骑行团,牛肉汤圆,145
2023骑行团,一墨,313
2023骑行团,归尘,22
2023实践团,毛球,98
2023实践团,浅言,36
2023实践团,鹤临,56
2023实践团,冰苎,49
2023实践团,六爻,29
2023实践团,余割,46
2023实践团,菊石,42
2023实践团,飞舟,38
2023实践团,东日,7
2023实践团,橡皮.,68
2023实践团,辰羽,7
2023实践团,吉姆,60
2023实践团,不是真菌的假菌,12
2023实践团,翠翠r,14
2023实践团,峰林,40
2023实践团,还也,7
2023实践团,劳模,6
2023实践团,月霜,82
2023实践团,萤火ovo,7
2023实践团,果丹皮,7
2023实践团,咋肥四鸭,15
2023实践团,CAPU四九,87
2023实践团,三里,7
2023实践团,Ricky,10
2023实践团,牛肉汤圆,40
2023实践团,一墨,8
2023实践团,dudu,21
2023实践团,kx,139
圆儿,圆儿,6168
圆儿,土龟,116
圆儿,吉姆,77
圆儿,Box,21
琪姐姐卖萌啦,小象,13
琪姐姐卖萌啦,萌新,12
琪姐姐卖萌啦,小天使,28
2023飞行团,鹤临,71
2023飞行团,团子2号,7
2022飞行团,Jewish,22
2022飞行团,会赢,8
2023骑行团,2023骑行团,28
2023骑行团,华年,7
2023骑行团,风吟,7
2023骑行团,CAPU四九,142
2023飞行团,2049,8
2023飞行团,归尘,76
成绩,成绩,82444
成绩,小象,257
成绩,华年,15
成绩,阿银,66
成绩,还也,33
成绩,余割,8
成绩,贝斯特,161
成绩,三四,92
成绩,火星禹,74
2023骑行团,咋肥四鸭,89
冰苎,翠翠r,5
纹水,咋肥四鸭,32
纹水,劳模,12
纹水,dudu,80
纹水,峰林,19
纹水,辰羽,2
纹水,小轩,10
纹水,贝斯特,2704
纹水,纹水,2355
纹水,华年,4892
纹水,小笨熊,10
纹水,荔枝兰,14
2023骑行团,支原体,8
2023骑行团,河虾,7
2023骑行团,解旋酶,7
2023骑行团,雾路,8
2023骑行团,萝卟头,7
2023骑行团,拍子,8
2023骑行团,小笨熊,10
2023实践团,木山,23
2023实践团,团子2号,14
2023实践团,芋圆,52
2023实践团,猴猴不迷路,7
2023实践团,小笨熊,17
2023实践团,奶油小狗,12
